Year,sum,count,Annual Return %
2021,115500,9,11.55
2022,115500,9,11.55
2023,212000,11,21.2
2024,280000,10,28.000000000000004
2025,24500,11,2.45
2026,70000,5,7.000000000000001
